taxonomy_field,total_rows,unique_isins,unique_symbols,earliest,latest,standalone_rows,consolidated_rows,already_mapped,tier,canonical_name,note
OtherIncome,46167,2737,2264,2019-03-31,2026-06-30,24814,21353,False,1,other_income,Other income (non-operating)
PaidUpValueOfEquityShareCapital,46120,2730,2258,2019-03-31,2026-06-30,24774,21346,True,0,,
TaxExpense,46115,2730,2258,2019-03-31,2026-06-30,24772,21343,False,0,,
FaceValueOfEquityShareCapital,46115,2730,2258,2019-03-31,2026-06-30,24772,21343,False,1,face_value,Face value of equity share
Income,46110,2735,2263,2019-03-31,2026-06-30,24772,21338,False,0,,
Expenses,45503,2692,2222,2019-03-31,2026-06-30,24360,21143,True,0,,
CurrentTax,45498,2692,2222,2019-03-31,2026-06-30,24358,21140,False,0,,
RevenueFromOperations,45470,2687,2217,2019-03-31,2026-06-30,24339,21131,True,0,,
ProfitBeforeTax,45470,2687,2217,2019-03-31,2026-06-30,24339,21131,True,0,,
FinanceCosts,45470,2687,2217,2019-03-31,2026-06-30,24339,21131,True,0,,
CostOfMaterialsConsumed,45470,2687,2217,2019-03-31,2026-06-30,24339,21131,True,0,,
PurchasesOfStockInTrade,45465,2687,2217,2019-03-31,2026-06-30,24337,21128,False,0,,
EmployeeBenefitExpense,45465,2687,2217,2019-03-31,2026-06-30,24337,21128,False,0,,
DilutedEarningsLossPerShareFromContinuingAndDiscontinuedOperations,45465,2687,2217,2019-03-31,2026-06-30,24337,21128,False,0,,
DeferredTax,45465,2687,2217,2019-03-31,2026-06-30,24337,21128,False,0,,
ChangesInInventoriesOfFinishedGoodsWorkInProgressAndStockInTrade,45465,2687,2217,2019-03-31,2026-06-30,24337,21128,False,1,inventory_change,Inventory delta P&L
BasicEarningsLossPerShareFromContinuingAndDiscontinuedOperations,45465,2687,2217,2019-03-31,2026-06-30,24337,21128,False,0,,
OtherExpenses,45437,2686,2217,2019-03-31,2026-06-30,24320,21117,False,2,other_expenses,Other expenses
ProfitLossForPeriod,45363,2683,2215,2019-03-31,2026-06-30,24290,21073,True,0,,
DepreciationDepletionAndAmortisationExpense,45363,2683,2215,2019-03-31,2026-06-30,24290,21073,True,0,,
TaxExpenseOfDiscontinuedOperations,45358,2683,2215,2019-03-31,2026-06-30,24288,21070,False,0,,
ShareOfProfitLossOfAssociatesAndJointVenturesAccountedForUsingEquityMethod,45358,2683,2215,2019-03-31,2026-06-30,24288,21070,False,0,,
ProfitLossFromDiscontinuedOperationsBeforeTax,45358,2683,2215,2019-03-31,2026-06-30,24288,21070,False,0,,
ProfitLossFromDiscontinuedOperationsAfterTax,45358,2683,2215,2019-03-31,2026-06-30,24288,21070,False,0,,
ProfitLossForPeriodFromContinuingOperations,45358,2683,2215,2019-03-31,2026-06-30,24288,21070,False,0,,
ProfitBeforeExceptionalItemsAndTax,45358,2683,2215,2019-03-31,2026-06-30,24288,21070,False,2,pbet,Profit before exceptional items & tax
OtherComprehensiveIncomeNetOfTaxes,45358,2683,2215,2019-03-31,2026-06-30,24288,21070,False,0,,
ExceptionalItemsBeforeTax,45358,2683,2215,2019-03-31,2026-06-30,24288,21070,False,0,,
DilutedEarningsLossPerShareFromDiscontinuedOperations,45358,2683,2215,2019-03-31,2026-06-30,24288,21070,False,0,,
DilutedEarningsLossPerShareFromContinuingOperations,45358,2683,2215,2019-03-31,2026-06-30,24288,21070,False,0,,
ComprehensiveIncomeForThePeriod,45358,2683,2215,2019-03-31,2026-06-30,24288,21070,False,0,,
BasicEarningsLossPerShareFromDiscontinuedOperations,45358,2683,2215,2019-03-31,2026-06-30,24288,21070,False,0,,
BasicEarningsLossPerShareFromContinuingOperations,45358,2683,2215,2019-03-31,2026-06-30,24288,21070,False,0,,
NetMovementInRegulatoryDeferralAccountBalancesRelatedToProfitOrLossAndTheRelatedDeferredTaxMovement,42202,2515,2077,2019-03-31,2026-06-30,22562,19640,False,0,,
ComprehensiveIncomeForThePeriodAttributableToOwnersOfParent,38891,2484,2139,2019-03-31,2026-06-30,19211,19680,False,0,,
ComprehensiveIncomeForThePeriodAttributableToOwnersOfParentNonControllingInterests,38732,2477,2137,2019-03-31,2026-06-30,19211,19521,False,0,,
AmountOfItemThatWillNotBeReclassifiedToProfitAndLoss,32581,2310,1956,2019-03-31,2026-06-30,16247,16334,False,0,,
IncomeTaxRelatingToItmesThatWillNotBeReclassifiedToProfitOrLoss,28577,1896,1896,2019-03-31,2024-12-31,16718,11859,False,0,,
IncomeTaxRelatingToItmesThatWillBeReclassifiedToProfitOrLoss,23635,1877,1877,2019-03-31,2024-12-31,13306,10329,False,0,,
ProfitOrLossAttributableToOwnersOfParent,17361,2044,1711,2021-03-31,2026-06-30,0,17361,False,0,,
ProfitOrLossAttributableToNonControllingInterests,17065,2037,1707,2021-03-31,2026-06-30,0,17065,False,0,,
SegmentRevenue,16110,1197,1003,2022-03-31,2026-06-30,6429,9681,False,0,,
SegmentProfitLossBeforeTaxAndFinanceCosts,16110,1197,1003,2022-03-31,2026-06-30,6429,9681,False,0,,
SegmentRevenueFromOperations,15827,1197,1004,2022-03-31,2026-06-30,6212,9615,False,0,,
SegmentProfitBeforeTax,15826,1197,1004,2022-03-31,2026-06-30,6211,9615,False,0,,
CashFlowsFromUsedInOperatingActivities,15081,2711,2255,2019-03-31,2026-06-30,7664,7417,True,0,,
RepaymentsOfBorrowingsClassifiedAsFinancingActivities,15079,2711,2255,2019-03-31,2026-06-30,7663,7416,False,1,debt_repaid,Debt repaid
PurchaseOfIntangibleAssetsClassifiedAsInvestingActivities,15079,2711,2255,2019-03-31,2026-06-30,7663,7416,False,0,,
ProceedsFromSalesOfIntangibleAssetsClassifiedAsInvestingActivities,15079,2711,2255,2019-03-31,2026-06-30,7663,7416,False,0,,
ProceedsFromIssuingOtherEquityInstruments,15079,2711,2255,2019-03-31,2026-06-30,7663,7416,False,0,,
ProceedsFromIssuingDebenturesNotesBondsEtc,15079,2711,2255,2019-03-31,2026-06-30,7663,7416,False,0,,
ProceedsFromGovernmentGrantsClassifiedAsInvestingActivities,15079,2711,2255,2019-03-31,2026-06-30,7663,7416,False,0,,
ProceedsFromBorrowingsClassifiedAsFinancingActivities,15079,2711,2255,2019-03-31,2026-06-30,7663,7416,False,1,debt_raised,Debt raised
OtherInflowsOutflowsOfCashClassifiedAsOperatingActivities,15079,2711,2255,2019-03-31,2026-06-30,7663,7416,False,0,,
OtherInflowsOutflowsOfCashClassifiedAsInvestingActivities,15079,2711,2255,2019-03-31,2026-06-30,7663,7416,False,0,,
OtherInflowsOutflowsOfCashClassifiedAsFinancingActivities,15079,2711,2255,2019-03-31,2026-06-30,7663,7416,False,0,,
OtherCashReceiptsFromSalesOfInterestsInJointVenturesClassifiedAsInvestingActivities,15079,2711,2255,2019-03-31,2026-06-30,7663,7416,False,0,,
OtherCashReceiptsFromSalesOfEquityOrDebtInstrumentsOfOtherEntitiesClassifiedAsInvestingActivities,15079,2711,2255,2019-03-31,2026-06-30,7663,7416,False,0,,
OtherCashPaymentsToAcquireInterestsInJointVenturesClassifiedAsInvestingActivities,15079,2711,2255,2019-03-31,2026-06-30,7663,7416,False,0,,
OtherCashPaymentsToAcquireEquityOrDebtInstrumentsOfOtherEntitiesClassifiedAsInvestingActivities,15079,2711,2255,2019-03-31,2026-06-30,7663,7416,False,0,,
InterestReceivedClassifiedAsOperatingActivities,15079,2711,2255,2019-03-31,2026-06-30,7663,7416,False,0,,
InterestReceivedClassifiedAsInvestingActivities,15079,2711,2255,2019-03-31,2026-06-30,7663,7416,False,0,,
InterestPaidClassifiedAsOperatingActivities,15079,2711,2255,2019-03-31,2026-06-30,7663,7416,False,0,,
InterestPaidClassifiedAsFinancingActivities,15079,2711,2255,2019-03-31,2026-06-30,7663,7416,False,0,,
IncreaseDecreaseInCashAndCashEquivalentsBeforeEffectOfExchangeRateChanges,15079,2711,2255,2019-03-31,2026-06-30,7663,7416,False,0,,
IncreaseDecreaseInCashAndCashEquivalents,15079,2711,2255,2019-03-31,2026-06-30,7663,7416,False,0,,
IncomeTaxesPaidRefundClassifiedAsOperatingActivities,15079,2711,2255,2019-03-31,2026-06-30,7663,7416,False,0,,
IncomeTaxesPaidRefundClassifiedAsInvestingActivities,15079,2711,2255,2019-03-31,2026-06-30,7663,7416,False,0,,
IncomeTaxesPaidRefundClassifiedAsFinancingActivities,15079,2711,2255,2019-03-31,2026-06-30,7663,7416,False,0,,
EffectOfExchangeRateChangesOnCashAndCashEquivalents,15079,2711,2255,2019-03-31,2026-06-30,7663,7416,False,0,,
DividendsReceivedClassifiedAsOperatingActivities,15079,2711,2255,2019-03-31,2026-06-30,7663,7416,False,0,,
DividendsReceivedClassifiedAsInvestingActivities,15079,2711,2255,2019-03-31,2026-06-30,7663,7416,False,0,,
DividendsPaidClassifiedAsFinancingActivities,15079,2711,2255,2019-03-31,2026-06-30,7663,7416,False,1,dividends_paid,Dividends paid (CF)
CashReceiptsFromRepaymentOfAdvancesAndLoansMadeToOtherPartiesClassifiedAsInvestingActivities,15079,2711,2255,2019-03-31,2026-06-30,7663,7416,False,0,,
CashReceiptsFromFutureContractsForwardContractsOptionContractsAndSwapContractsClassifiedAsInvestingActivities,15079,2711,2255,2019-03-31,2026-06-30,7663,7416,False,0,,
CashPaymentsForFutureContractsForwardContractsOptionContractsAndSwapContractsClassifiedAsInvestingActivities,15079,2711,2255,2019-03-31,2026-06-30,7663,7416,False,0,,
CashFlowsUsedInObtainingControlOfSubsidiariesOrOtherBusinessesClassifiedAsInvestingActivities,15079,2711,2255,2019-03-31,2026-06-30,7663,7416,False,0,,
CashFlowsFromUsedInOperations,15079,2711,2255,2019-03-31,2026-06-30,7663,7416,False,0,,
CashFlowsFromUsedInFinancingActivities,15079,2711,2255,2019-03-31,2026-06-30,7663,7416,False,1,cff,Cash from financing
CashFlowsFromLosingControlOfSubsidiariesOrOtherBusinessesClassifiedAsInvestingActivities,15079,2711,2255,2019-03-31,2026-06-30,7663,7416,False,0,,
CashAdvancesAndLoansMadeToOtherPartiesClassifiedAsInvestingActivities,15079,2711,2255,2019-03-31,2026-06-30,7663,7416,False,0,,
CashFlowsFromUsedInInvestingActivities,15078,2711,2255,2019-03-31,2026-06-30,7662,7416,False,1,cfi,Cash from investing
CashReceiptsFromShareOfProfitsOfPartnershipFirmOrAssociationOfPersonsOrLimitedLiabilityPartnerships,15021,2699,2244,2019-03-31,2026-06-30,7625,7396,False,0,,
CashPaymentForInvestmentInPartnershipFirmOrAssociationOfPersonsOrLimitedLiabilityPartnerships,15021,2699,2244,2019-03-31,2026-06-30,7625,7396,False,0,,
ShareOfProfitAndLossFromPartnershipFirmOrAssociationOfPersonsOrLimitedLiabilityPartnerships,15015,2698,2243,2019-03-31,2026-06-30,7623,7392,False,0,,
OtherAdjustmentsToReconcileProfitLoss,15015,2698,2243,2019-03-31,2026-06-30,7623,7392,False,0,,
OtherAdjustmentsForWhichCashEffectsAreInvestingOrFinancingCashFlow,15015,2698,2243,2019-03-31,2026-06-30,7623,7392,False,0,,
OtherAdjustmentsForNoncashItems,15015,2698,2243,2019-03-31,2026-06-30,7623,7392,False,0,,
AdjustmentsForUnrealisedForeignExchangeLossesGains,15015,2698,2243,2019-03-31,2026-06-30,7623,7392,False,0,,
AdjustmentsForSharebasedPayments,15015,2698,2243,2019-03-31,2026-06-30,7623,7392,False,0,,
AdjustmentsForReconcileProfitLoss,15015,2698,2243,2019-03-31,2026-06-30,7623,7392,False,0,,
AdjustmentsForIncreaseDecreaseInOtherCurrentLiabilities,15015,2698,2243,2019-03-31,2026-06-30,7623,7392,False,0,,
AdjustmentsForImpairmentLossReversalOfImpairmentLossRecognisedInProfitOrLoss,15015,2698,2243,2019-03-31,2026-06-30,7623,7392,False,0,,
AdjustmentsForFinanceCosts,15015,2698,2243,2019-03-31,2026-06-30,7623,7392,False,0,,
AdjustmentsForDividendIncome,15015,2698,2243,2019-03-31,2026-06-30,7623,7392,False,0,,
AdjustmentsForDepreciationAndAmortisationExpense,15015,2698,2243,2019-03-31,2026-06-30,7623,7392,False,0,,
AdjustmentsForDecreaseIncreaseInOtherCurrentAssets,15015,2698,2243,2019-03-31,2026-06-30,7623,7392,False,0,,
AdjustmentsForDecreaseIncreaseInInventories,15015,2698,2243,2019-03-31,2026-06-30,7623,7392,False,0,,
SegmentFinanceCosts,14879,1168,983,2022-03-31,2026-06-30,5976,8903,False,0,,
PurchaseOfPropertyPlantAndEquipmentClassifiedAsInvestingActivities,14868,2668,2214,2019-03-31,2026-06-30,7533,7335,False,0,,
ProceedsFromSalesOfPropertyPlantAndEquipmentClassifiedAsInvestingActivities,14868,2668,2214,2019-03-31,2026-06-30,7533,7335,False,0,,
PurchaseOfOtherLongTermAssetsClassifiedAsInvestingActivities,14838,2662,2210,2019-03-31,2026-06-30,7523,7315,False,0,,
PurchaseOfInvestmentPropertyClassifiedAsInvestingActivities,14838,2662,2210,2019-03-31,2026-06-30,7523,7315,False,0,,
PurchaseOfGoodwillClassifiedAsInvestingActivities,14838,2662,2210,2019-03-31,2026-06-30,7523,7315,False,0,,
PurchaseOfBiologicalAssetsOtherThanBearerPlantsClassifiedAsInvestingActivities,14838,2662,2210,2019-03-31,2026-06-30,7523,7315,False,0,,
ProceedsFromSalesOfOtherLongTermAssetsClassifiedAsInvestingActivities,14838,2662,2210,2019-03-31,2026-06-30,7523,7315,False,0,,
ProceedsFromSalesOfInvestmentPropertyClassifiedAsInvestingActivities,14838,2662,2210,2019-03-31,2026-06-30,7523,7315,False,0,,
ProceedsFromSalesOfGoodwillClassifiedAsInvestingActivities,14838,2662,2210,2019-03-31,2026-06-30,7523,7315,False,0,,
ProceedsFromIssuingSharesClassifiedAsFinancingActivities,14838,2662,2210,2019-03-31,2026-06-30,7523,7315,False,0,,
ProceedsFromExerciseOfStockOptions,14838,2662,2210,2019-03-31,2026-06-30,7523,7315,False,0,,
ProceedsFromBiologicalAssetsOtherThanBearerPlantsClassifiedAsInvestingActivities,14838,2662,2210,2019-03-31,2026-06-30,7523,7315,False,0,,
PaymentsToAcquireOrRedeemEntitysShares,14838,2662,2210,2019-03-31,2026-06-30,7523,7315,False,0,,
PaymentsOfOtherEquityInstruments,14838,2662,2210,2019-03-31,2026-06-30,7523,7315,False,0,,
PaymentsOfLeaseLiabilitiesClassifiedAsFinancingActivities,14838,2662,2210,2019-03-31,2026-06-30,7523,7315,False,0,,
ProceedsFromChangesInOwnershipInterestsInSubsidiaries,14812,2662,2210,2019-03-31,2026-06-30,7505,7307,False,0,,
PaymentsFromChangesInOwnershipInterestsInSubsidiaries,14812,2662,2210,2019-03-31,2026-06-30,7505,7307,False,0,,
PurchaseOfIntangibleAssetsUnderDevelopment,14780,2650,2199,2019-03-31,2026-06-30,7485,7295,False,0,,
ProceedsFromSalesOfIntangibleAssetsUnderDevelopment,14780,2650,2199,2019-03-31,2026-06-30,7485,7295,False,0,,
AdjustmentsForUndistributedProfitsOfAssociates,14780,2650,2199,2019-03-31,2026-06-30,7485,7295,False,0,,
AdjustmentsForProvisionsNoncurrent,14780,2650,2199,2019-03-31,2026-06-30,7485,7295,False,0,,
AdjustmentsForProvisionsCurrent,14780,2650,2199,2019-03-31,2026-06-30,7485,7295,False,0,,
AdjustmentsForOtherFinancialLiabilitiesNoncurrent,14780,2650,2199,2019-03-31,2026-06-30,7485,7295,False,0,,
AdjustmentsForOtherFinancialLiabilitiesCurrent,14780,2650,2199,2019-03-31,2026-06-30,7485,7295,False,0,,
AdjustmentsForOtherFinancialAssetsNoncurrent,14780,2650,2199,2019-03-31,2026-06-30,7485,7295,False,0,,
AdjustmentsForOtherFinancialAssetsCurrent,14780,2650,2199,2019-03-31,2026-06-30,7485,7295,False,0,,
AdjustmentsForOtherBankBalances,14780,2650,2199,2019-03-31,2026-06-30,7485,7295,False,0,,
AdjustmentsForInterestIncome,14780,2650,2199,2019-03-31,2026-06-30,7485,7295,False,0,,
AdjustmentsForIncreaseDecreaseInTradePayablesNoncurrent,14780,2650,2199,2019-03-31,2026-06-30,7485,7295,False,0,,
AdjustmentsForIncreaseDecreaseInTradePayablesCurrent,14780,2650,2199,2019-03-31,2026-06-30,7485,7295,False,0,,
AdjustmentsForIncreaseDecreaseInOtherNoncurrentLiabilities,14780,2650,2199,2019-03-31,2026-06-30,7485,7295,False,0,,
AdjustmentsForFairValueGainsLosses,14780,2650,2199,2019-03-31,2026-06-30,7485,7295,False,0,,
AdjustmentsForDecreaseIncreaseInTradeReceivablesNoncurrent,14780,2650,2199,2019-03-31,2026-06-30,7485,7295,False,0,,
AdjustmentsForDecreaseIncreaseInTradeReceivablesCurrent,14780,2650,2199,2019-03-31,2026-06-30,7485,7295,False,0,,
AdjustmentsForDecreaseIncreaseInOtherNoncurrentAssets,14780,2650,2199,2019-03-31,2026-06-30,7485,7295,False,0,,
OtherUnallocableExpenditureNetOffUnAllocableIncome,14448,1166,982,2022-03-31,2026-06-30,5695,8753,False,0,,
OtherComprehensiveIncome,13905,2218,2143,2022-03-31,2026-06-30,5401,8504,False,0,,
AmountOfItemThatWillBeReclassifiedToProfitAndLoss,12865,1246,1069,2019-03-31,2026-06-30,3758,9107,False,0,,
DebtEquityRatio,12740,1374,1236,2022-03-31,2026-06-30,6760,5980,False,1,debt_to_equity,D/E ratio direct
InterSegmentRevenue,12241,1110,942,2022-03-31,2026-06-30,4592,7649,False,0,,
DebtServiceCoverageRatio,12054,1338,1206,2022-03-31,2026-06-30,6346,5708,False,1,dscr,Debt service coverage
InterestServiceCoverageRatio,11797,1317,1190,2022-03-31,2026-06-30,6202,5595,False,0,,
IncomeTaxRelatingToItemsThatWillNotBeReclassifiedToProfitOrLoss,11776,2178,2130,2025-03-31,2026-06-30,4140,7636,False,0,,
ReserveExcludingRevaluationReserves,10466,2679,2241,2019-03-31,2026-06-30,4616,5850,False,0,,
CashAndCashEquivalentsCashFlowStatement,10220,1942,1942,2019-03-31,2024-12-31,6009,4211,False,0,,
PaymentsOfFinanceLeaseLiabilitiesClassifiedAsFinancingActivities,10145,1919,1919,2019-03-31,2024-12-31,5952,4193,False,0,,
IncomeTaxRelatingToItemsThatWillBeReclassifiedToProfitOrLoss,9497,2025,1988,2025-03-31,2026-06-30,3008,6489,False,0,,
SegmentAssets,6163,851,851,2022-03-31,2024-12-31,2870,3293,False,0,,
InterestEarned,3513,228,196,2022-03-31,2026-06-30,2004,1509,False,0,,
RevenueFromSaleOfServices,2863,185,155,2022-03-31,2026-06-30,1569,1294,False,0,,
RevenueFromSaleOfProduct,2863,185,155,2022-03-31,2026-06-30,1569,1294,False,0,,
RentalIncome,2863,185,155,2022-03-31,2026-06-30,1569,1294,False,0,,
NetLossOnFairValueChanges,2863,185,155,2022-03-31,2026-06-30,1569,1294,False,0,,
NetLossOnDerecognitionOfFinancialInstrumentsUnderAmortisedCostCategory,2863,185,155,2022-03-31,2026-06-30,1569,1294,False,0,,
NetGainOnFairValueChanges,2863,185,155,2022-03-31,2026-06-30,1569,1294,False,0,,
NetGainOnDerecognitionOfFinancialInstrumentsUnderAmortisedCostCategory,2863,185,155,2022-03-31,2026-06-30,1569,1294,False,0,,
ImpairmentOnFinancialInstruments,2863,185,155,2022-03-31,2026-06-30,1569,1294,False,0,,
FeesAndCommissionIncome,2863,185,155,2022-03-31,2026-06-30,1569,1294,False,0,,
FeesAndCommissionExpense,2863,185,155,2022-03-31,2026-06-30,1569,1294,False,0,,
DividendIncome,2863,185,155,2022-03-31,2026-06-30,1569,1294,False,0,,
AmountOfRelatedPartyTransactionDuringTheReportingPeriod,1561,489,478,2025-03-31,2026-06-30,1561,0,False,0,,
OtherRevenueFromOperations,1411,127,111,2023-03-31,2026-06-30,741,670,False,0,,
ExtraordinaryItems,809,90,87,2023-03-31,2026-06-30,526,283,False,0,,
ProfitLossForThePeriod,757,83,81,2023-03-31,2026-06-30,484,273,False,0,,
ExceptionalItems,757,83,81,2023-03-31,2026-06-30,484,273,False,1,exceptional_items,Exceptional items
OtherOperatingExpenses,735,55,52,2023-09-30,2026-06-30,498,237,False,0,,
OperatingExpenses,702,50,47,2023-09-30,2026-06-30,477,225,False,0,,
RevenueOnInvestments,650,43,41,2023-09-30,2026-06-30,435,215,False,0,,
ReturnOnAssets,650,43,41,2023-09-30,2026-06-30,435,215,False,1,roa,ROA direct
ProvisionsOtherThanTaxAndContingencies,650,43,41,2023-09-30,2026-06-30,435,215,False,0,,
ProfitLossFromOrdinaryActivitiesBeforeTax,650,43,41,2023-09-30,2026-06-30,435,215,False,0,,
ProfitLossFromOrdinaryActivitiesAfterTax,650,43,41,2023-09-30,2026-06-30,435,215,False,0,,
ProfitLossAfterTaxesMinorityInterestAndShareOfProfitLossOfAssociates,650,43,41,2023-09-30,2026-06-30,435,215,False,0,,
PercentageOfShareHeldByGovernmentOfIndia,650,43,41,2023-09-30,2026-06-30,435,215,False,0,,
PercentageOfGrossNpa,650,43,41,2023-09-30,2026-06-30,435,215,False,0,,
OtherInterest,650,43,41,2023-09-30,2026-06-30,435,215,False,0,,
OperatingProfitBeforeProvisionAndContingencies,650,43,41,2023-09-30,2026-06-30,435,215,False,0,,
NonPerformingAssets,650,43,41,2023-09-30,2026-06-30,435,215,False,0,,
InterestOrDiscountOnAdvancesOrBills,650,43,41,2023-09-30,2026-06-30,435,215,False,0,,
InterestOnBalancesWithReserveBankOfIndiaAndOtherInterBankFunds,650,43,41,2023-09-30,2026-06-30,435,215,False,0,,
InterestExpended,650,43,41,2023-09-30,2026-06-30,435,215,False,0,,
GrossNonPerformingAssets,650,43,41,2023-09-30,2026-06-30,435,215,False,0,,
ExpenditureExcludingProvisionsAndContingencies,650,43,41,2023-09-30,2026-06-30,435,215,False,0,,
EmployeesCost,650,43,41,2023-09-30,2026-06-30,435,215,False,0,,
DilutedEarningsPerShareBeforeExtraordinaryItems,650,43,41,2023-09-30,2026-06-30,435,215,False,0,,
DilutedEarningsPerShareAfterExtraordinaryItems,650,43,41,2023-09-30,2026-06-30,435,215,False,0,,
CET1Ratio,650,43,41,2023-09-30,2026-06-30,435,215,False,0,,
BasicEarningsPerShareBeforeExtraordinaryItems,650,43,41,2023-09-30,2026-06-30,435,215,False,0,,
BasicEarningsPerShareAfterExtraordinaryItems,650,43,41,2023-09-30,2026-06-30,435,215,False,0,,
AdditionalTier1Ratio,650,43,41,2023-09-30,2026-06-30,435,215,False,0,,
NumberOfStatementsOfDeviationForTheCurrentQuarter,379,108,106,2025-03-31,2026-06-30,379,0,False,0,,
PercentageOfNpa,304,41,40,2025-03-31,2026-06-30,177,127,False,0,,
ShareOfProfitLossOfAssociates,273,53,51,2024-03-31,2026-06-30,0,273,False,0,,
ProfitLossOfMinorityInterest,273,53,51,2024-03-31,2026-06-30,0,273,False,0,,
ProceedsFromIssuingShares,241,71,69,2023-03-31,2026-03-31,140,101,False,0,,
ProceedsFromExtraordinaryItemsClassifiedAsOperatingActivities,241,71,69,2023-03-31,2026-03-31,140,101,False,0,,
ProceedsFromExtraordinaryItemsClassifiedAsInvestingActivities,241,71,69,2023-03-31,2026-03-31,140,101,False,0,,
ProceedsFromExtraordinaryItemsClassifiedAsFinancingActivities,241,71,69,2023-03-31,2026-03-31,140,101,False,0,,
PaymentForExtraordinaryItemsClassifiedAsOperatingActivities,241,71,69,2023-03-31,2026-03-31,140,101,False,0,,
PaymentForExtraordinaryItemsClassifiedAsInvestingActivities,241,71,69,2023-03-31,2026-03-31,140,101,False,0,,
PaymentForExtraordinaryItemsClassifiedAsFinancingActivities,241,71,69,2023-03-31,2026-03-31,140,101,False,0,,
CashFlowsFromUsedInOperatingActivitiesBeforeExtraordinaryItems,241,71,69,2023-03-31,2026-03-31,140,101,False,0,,
CashFlowsFromUsedInInvestingActivitiesBeforeExtraordinaryItems,241,71,69,2023-03-31,2026-03-31,140,101,False,0,,
CashFlowsFromUsedInFinancingActivitiesBeforeExtraordinaryItems,241,71,69,2023-03-31,2026-03-31,140,101,False,0,,
AdjustmentsToProfitLoss,235,70,68,2023-03-31,2026-03-31,138,97,False,0,,
AdjustmentsForWorkingCapital,235,70,68,2023-03-31,2026-03-31,138,97,False,0,,
AdjustmentsForProvisions,235,70,68,2023-03-31,2026-03-31,138,97,False,0,,
AdjustmentsForIncreaseDecreaseInTradePayables,235,70,68,2023-03-31,2026-03-31,138,97,False,0,,
AdjustmentsForDecreaseIncreaseInTradeReceivables,235,70,68,2023-03-31,2026-03-31,138,97,False,0,,
PurchaseOfTangibleAssetsClassifiedAsInvestingActivities,211,48,46,2023-03-31,2026-03-31,130,81,False,0,,
ProceedsFromSalesOfTangibleAssetsClassifiedAsInvestingActivities,211,48,46,2023-03-31,2026-03-31,130,81,False,0,,
ProfitBeforeExtraordinaryItemsAndTax,210,80,79,2023-03-31,2026-06-30,103,107,False,0,,
TaxExpenseOfDiscontinuingOperations,107,40,40,2023-03-31,2026-06-30,49,58,False,0,,
ProfitLossFromDiscontinuingOperationsBeforeTax,107,40,40,2023-03-31,2026-06-30,49,58,False,0,,
ProfitLossFromDiscontinuingOperationAfterTax,107,40,40,2023-03-31,2026-06-30,49,58,False,0,,
ProfitLossForThePeriodFromContinuingOperations,107,40,40,2023-03-31,2026-06-30,49,58,False,0,,
ProfitLossForPeriodBeforeMinorityInterest,107,40,40,2023-03-31,2026-06-30,49,58,False,0,,
ProfitBeforeExceptionalAndExtraordinaryItemsAndTax,107,40,40,2023-03-31,2026-06-30,49,58,False,0,,
DepreciationAndAmortisationExpense,107,40,40,2023-03-31,2026-06-30,49,58,False,0,,
SolvencyRatio,85,12,11,2025-03-31,2026-06-30,63,22,False,0,,
ProvisionsForDoubtfulDebtsIncludingBadDebtsWrittenOff,85,12,11,2025-03-31,2026-06-30,63,22,False,0,,
ProvisionsForDiminutionInValueOfInvestments,85,12,11,2025-03-31,2026-06-30,63,22,False,0,,
ProvisionForTax,85,12,11,2025-03-31,2026-06-30,63,22,False,0,,
ProfitLossCarriedToBalanceSheet,85,12,11,2025-03-31,2026-06-30,63,22,False,0,,
OperatingExpensesRelatedToInsuranceBusiness,85,12,11,2025-03-31,2026-06-30,63,22,False,0,,
NoOfInvestorComplaintsReceivedDuringThePeriod,85,12,11,2025-03-31,2026-06-30,63,22,False,0,,
NoOfInvestorComplaintsDuringThePeriod,85,12,11,2025-03-31,2026-06-30,63,22,False,0,,
NoOfInvestorComplaintsDisposedOffDuringThePeriod,85,12,11,2025-03-31,2026-06-30,63,22,False,0,,
NetCommission,85,12,11,2025-03-31,2026-06-30,63,22,False,0,,
InterimDividend,85,12,11,2025-03-31,2026-06-30,63,22,False,0,,
IncomeFromInvestmentsNet,85,12,11,2025-03-31,2026-06-30,63,22,False,0,,
FinalDividend,85,12,11,2025-03-31,2026-06-30,63,22,False,0,,
ExpensesOfManagementRatio,85,12,11,2025-03-31,2026-06-30,63,22,False,0,,
EmployeesRemunerationAndWelfareExpenses,85,12,11,2025-03-31,2026-06-30,63,22,False,0,,
BasicAndDilutedEPSBeforeExtraordinaryItemsNetOfTaxExpenseForThePeriodNotToBeAnnualized,85,12,11,2025-03-31,2026-06-30,63,22,False,0,,
BasicAndDilutedEPSAfterExtraordinaryItemsNetOfTaxExpenseForThePeriodNotToBeAnnualized,85,12,11,2025-03-31,2026-06-30,63,22,False,0,,
ShareholdersAccountOtherIncome,78,12,11,2025-03-31,2026-06-30,56,22,False,0,,
ReservesAndSurplusExcludingRevaluationReserve,64,12,11,2025-03-31,2026-06-30,46,18,False,0,,
ReceiptsFromSalesOfGoodsAndRenderingOfServices,64,31,30,2023-03-31,2026-03-31,40,24,False,0,,
ReceiptsFromRoyaltiesFeesCommissionsAndOtherRevenue,64,31,30,2023-03-31,2026-03-31,40,24,False,0,,
ReceiptsFromPremiumsAndClaimsAnnuitiesAndOtherPolicyBenefits,64,31,30,2023-03-31,2026-03-31,40,24,False,0,,
PaymentsToSuppliersForGoodsAndServices,64,31,30,2023-03-31,2026-03-31,40,24,False,0,,
PaymentsToAndOnBehalfOfEmployees,64,31,30,2023-03-31,2026-03-31,40,24,False,0,,
PaymentsForPremiumsAndClaimsAnnuitiesAndOtherPolicyBenefits,64,31,30,2023-03-31,2026-03-31,40,24,False,0,,
OtherCashReceiptsFromOperatingActivities,64,31,30,2023-03-31,2026-03-31,40,24,False,0,,
OtherCashPaymentsFromOperatingActivities,64,31,30,2023-03-31,2026-03-31,40,24,False,0,,
ReceiptsFromRentsAndSubsequentSalesOfAssetsHeldForRentalToOthersAndSubsequentlyHeldForSale,58,30,29,2023-03-31,2026-03-31,38,20,False,0,,
ReceiptsFromContractsHeldForDealingOrTradingPurpose,58,30,29,2023-03-31,2026-03-31,38,20,False,0,,
PaymentsToManufactureOrAcquireAssetsHeldForRentalToOthersAndSubsequentlyHeldForSale,58,30,29,2023-03-31,2026-03-31,38,20,False,0,,
PaymentsFromContractsHeldForDealingOrTradingPurpose,58,30,29,2023-03-31,2026-03-31,38,20,False,0,,
WithoutUnrealizedGains,52,7,6,2025-03-31,2026-06-30,42,10,False,0,,
WithUnrealisedGains,52,7,6,2025-03-31,2026-06-30,42,10,False,0,,
UnderwritingProfitOrLoss,52,7,6,2025-03-31,2026-06-30,42,10,False,0,,
TransferToReserves,52,7,6,2025-03-31,2026-06-30,42,10,False,0,,
TransferToProfitAndLossAccount,52,7,6,2025-03-31,2026-06-30,42,10,False,0,,
ShareholdersAccountTransferFromPolicyholdersFund,52,7,6,2025-03-31,2026-06-30,42,10,False,0,,
ShareholdersAccountIncomeFromInvestments,52,7,6,2025-03-31,2026-06-30,42,10,False,0,,
ProfitOrLossBeforeTax,52,7,6,2025-03-31,2026-06-30,42,10,False,0,,
ProfitOrLossBeforeExtraordinaryItems,52,7,6,2025-03-31,2026-06-30,42,10,False,0,,
ProfitLossAfterTax,52,7,6,2025-03-31,2026-06-30,42,10,False,0,,
PremiumEarned,52,7,6,2025-03-31,2026-06-30,42,10,False,0,,
PremiumDeficiency,52,7,6,2025-03-31,2026-06-30,42,10,False,0,,
PercentageOfShareholding,52,7,6,2025-03-31,2026-06-30,42,10,False,0,,
PercentageOfNetNPAsPolicyholdersFund,52,7,6,2025-03-31,2026-06-30,42,10,False,0,,
PercentageOfGrossNPAsPolicyholdersFund,52,7,6,2025-03-31,2026-06-30,42,10,False,0,,
PercentageOfGovernmentHolding,52,7,6,2025-03-31,2026-06-30,42,10,False,0,,
OperatingProfitOrLoss,52,7,6,2025-03-31,2026-06-30,42,10,False,0,,
OperatingIncome,52,7,6,2025-03-31,2026-06-30,42,10,False,0,,
NonOperatingProvisionsForDoubtfulDebtsIncludingBadDebtsWrittenOff,52,7,6,2025-03-31,2026-06-30,42,10,False,0,,
NonOperatingProvisionsForDiminutionInValueOfInvestments,52,7,6,2025-03-31,2026-06-30,42,10,False,0,,
NonOperatingExpensesOtherThanThoseRelatedToInsuranceBusiness,52,7,6,2025-03-31,2026-06-30,42,10,False,0,,
NonOperatingExpense,52,7,6,2025-03-31,2026-06-30,42,10,False,0,,
NetRetentionRatio,52,7,6,2025-03-31,2026-06-30,42,10,False,0,,
NetPremiumWritten,52,7,6,2025-03-31,2026-06-30,42,10,False,0,,
NetNPAsPolicyholdersFund,52,7,6,2025-03-31,2026-06-30,42,10,False,0,,
IncurredClaims,52,7,6,2025-03-31,2026-06-30,42,10,False,0,,
IncurredClaimRatio,52,7,6,2025-03-31,2026-06-30,42,10,False,0,,
IncomeInShareholdersAccount,52,7,6,2025-03-31,2026-06-30,42,10,False,0,,
GrossPremiumsWritten,52,7,6,2025-03-31,2026-06-30,42,10,False,0,,
GrossNPAsPolicyholdersFund,52,7,6,2025-03-31,2026-06-30,42,10,False,0,,
CommissionsAndBrokerageNet,52,7,6,2025-03-31,2026-06-30,42,10,False,0,,
CombinedRatio,52,7,6,2025-03-31,2026-06-30,42,10,False,0,,
ClaimsPaid,52,7,6,2025-03-31,2026-06-30,42,10,False,0,,
ChangeInOutstandingClaims,52,7,6,2025-03-31,2026-06-30,42,10,False,0,,
Revenue,38,12,12,2023-03-31,2024-12-31,21,17,False,0,,
TransferredToShareholdersAccount,33,5,5,2025-03-31,2026-06-30,21,12,False,0,,
TransferOfFundsToPolicyholdersAccount,33,5,5,2025-03-31,2026-06-30,21,12,False,0,,
TransferOfFundsFromShareholdersAccount,33,5,5,2025-03-31,2026-06-30,21,12,False,0,,
TransferFromPolicyholdersAccount,33,5,5,2025-03-31,2026-06-30,21,12,False,0,,
TerminalBonusPaid,33,5,5,2025-03-31,2026-06-30,21,12,False,0,,
SurplusShownInTheRevenueAccount,33,5,5,2025-03-31,2026-06-30,21,12,False,0,,
SurplusDeficit,33,5,5,2025-03-31,2026-06-30,21,12,False,0,,
ShareholdersFundWithoutUnrealisedGains,33,5,5,2025-03-31,2026-06-30,21,12,False,0,,
ShareholdersFundWithUnrealisedGains,33,5,5,2025-03-31,2026-06-30,21,12,False,0,,
ShareholdersAccountProvisionsForDiminutionInValueOfInvestments,33,5,5,2025-03-31,2026-06-30,21,12,False,0,,
ShareholdersAccountIncome,33,5,5,2025-03-31,2026-06-30,21,12,False,0,,
ShareholdersAccountExpenses,33,5,5,2025-03-31,2026-06-30,21,12,False,0,,
ProvisionsForTaxes,33,5,5,2025-03-31,2026-06-30,21,12,False,0,,
ProvisionsForDoubtfulDebtsIncludingWriteOff,33,5,5,2025-03-31,2026-06-30,21,12,False,0,,
ProfitLossBeforeTax,33,5,5,2025-03-31,2026-06-30,21,12,False,0,,
ProfitLossAfterTaxBeforeExtraordinaryItems,33,5,5,2025-03-31,2026-06-30,21,12,False,0,,
ProfitLossAfterTaxAndExtraordinaryItems,33,5,5,2025-03-31,2026-06-30,21,12,False,0,,
PolicyholdersLiabilitiesToShareholdersFund,33,5,5,2025-03-31,2026-06-30,21,12,False,0,,
PolicyholdersAccountOtherIncome,33,5,5,2025-03-31,2026-06-30,21,12,False,0,,
PersistencyRatio61ThMonth,33,5,5,2025-03-31,2026-06-30,21,12,False,0,,
PersistencyRatio49ThMonth,33,5,5,2025-03-31,2026-06-30,21,12,False,0,,
PersistencyRatio37ThMonth,33,5,5,2025-03-31,2026-06-30,21,12,False,0,,
PersistencyRatio25ThMonth,33,5,5,2025-03-31,2026-06-30,21,12,False,0,,
PersistencyRatio13ThMonth,33,5,5,2025-03-31,2026-06-30,21,12,False,0,,
PercentageOfSharesHeldByGovernmentOfIndiaInCaseOfPublicSectorInsuranceCompanies,33,5,5,2025-03-31,2026-06-30,21,12,False,0,,
PercentageOfNetNPAsShareholdersFund,33,5,5,2025-03-31,2026-06-30,21,12,False,0,,
PercentageOfGrossNPAsShareholdersFund,33,5,5,2025-03-31,2026-06-30,21,12,False,0,,
NonLinkedParticipatingPolicyholdersFundWithoutUnrealisedGains,33,5,5,2025-03-31,2026-06-30,21,12,False,0,,
NonLinkedParticipatingPolicyholdersFundWithUnrealisedGains,33,5,5,2025-03-31,2026-06-30,21,12,False,0,,
NonLinkedParticipatingPolicyholdersFundPercentageOfNetNPAs,33,5,5,2025-03-31,2026-06-30,21,12,False,0,,
NonLinkedParticipatingPolicyholdersFundPercentageOfGrossNPAs,33,5,5,2025-03-31,2026-06-30,21,12,False,0,,
NonLinkedParticipatingPolicyholdersFundNetNPAs,33,5,5,2025-03-31,2026-06-30,21,12,False,0,,
NonLinkedParticipatingPolicyholdersFundGrossNPAs,33,5,5,2025-03-31,2026-06-30,21,12,False,0,,
NonLinkedNonParticipatingPolicyholdersFundWithoutUnrealisedGains,33,5,5,2025-03-31,2026-06-30,21,12,False,0,,
NonLinkedNonParticipatingPolicyholdersFundWithUnrealisedGains,33,5,5,2025-03-31,2026-06-30,21,12,False,0,,
NonLinkedNonParticipatingPolicyholdersFundPercentageOfNetNPAs,33,5,5,2025-03-31,2026-06-30,21,12,False,0,,
NonLinkedNonParticipatingPolicyholdersFundPercentageOfGrossNPAs,33,5,5,2025-03-31,2026-06-30,21,12,False,0,,
NonLinkedNonParticipatingPolicyholdersFundNetNPAs,33,5,5,2025-03-31,2026-06-30,21,12,False,0,,
NonLinkedNonParticipatingPolicyholdersFundGrossNPAs,33,5,5,2025-03-31,2026-06-30,21,12,False,0,,
NetSurplusDeficit,33,5,5,2025-03-31,2026-06-30,21,12,False,0,,
NetPremiumIncome,33,5,5,2025-03-31,2026-06-30,21,12,False,0,,
NetNPAsShareholdersFund,33,5,5,2025-03-31,2026-06-30,21,12,False,0,,
LinkedParticipatingPolicyholdersFundWithoutUnrealisedGains,33,5,5,2025-03-31,2026-06-30,21,12,False,0,,
LinkedParticipatingPolicyholdersFundWithUnrealisedGains,33,5,5,2025-03-31,2026-06-30,21,12,False,0,,
LinkedParticipatingPolicyholdersFundPercentageOfNetNPAs,33,5,5,2025-03-31,2026-06-30,21,12,False,0,,
LinkedParticipatingPolicyholdersFundPercentageOfGrossNPAs,33,5,5,2025-03-31,2026-06-30,21,12,False,0,,
LinkedParticipatingPolicyholdersFundNetNPAs,33,5,5,2025-03-31,2026-06-30,21,12,False,0,,
LinkedParticipatingPolicyholdersFundGrossNPAs,33,5,5,2025-03-31,2026-06-30,21,12,False,0,,
LinkedNonParticipatingPolicyholdersFundWithoutUnrealisedGains,33,5,5,2025-03-31,2026-06-30,21,12,False,0,,
LinkedNonParticipatingPolicyholdersFundWithUnrealisedGains,33,5,5,2025-03-31,2026-06-30,21,12,False,0,,
LinkedNonParticipatingPolicyholdersFundPercentageOfNetNPAs,33,5,5,2025-03-31,2026-06-30,21,12,False,0,,
LinkedNonParticipatingPolicyholdersFundPercentageOfGrossNPAs,33,5,5,2025-03-31,2026-06-30,21,12,False,0,,
LinkedNonParticipatingPolicyholdersFundNetNPAs,33,5,5,2025-03-31,2026-06-30,21,12,False,0,,
LinkedNonParticipatingPolicyholdersFundGrossNPAs,33,5,5,2025-03-31,2026-06-30,21,12,False,0,,
InvestmentIncome,33,5,5,2025-03-31,2026-06-30,21,12,False,0,,
InterimBonusPaid,33,5,5,2025-03-31,2026-06-30,21,12,False,0,,
IncomeUnderShareholdersAccount,33,5,5,2025-03-31,2026-06-30,21,12,False,0,,
IncomeSinglePremium,33,5,5,2025-03-31,2026-06-30,21,12,False,0,,
IncomeRenewalPremium,33,5,5,2025-03-31,2026-06-30,21,12,False,0,,
IncomeFirstYearPremium,33,5,5,2025-03-31,2026-06-30,21,12,False,0,,
GrossPremiumIncome,33,5,5,2025-03-31,2026-06-30,21,12,False,0,,
GrossNPAsShareholdersFund,33,5,5,2025-03-31,2026-06-30,21,12,False,0,,
GoodsAndServiceTaxChargeOnLinkedCharges,33,5,5,2025-03-31,2026-06-30,21,12,False,0,,
FundsForFutureAppropriation,33,5,5,2025-03-31,2026-06-30,21,12,False,0,,
ExtraordinaryItemsNetOfTaxExpenses,33,5,5,2025-03-31,2026-06-30,21,12,False,0,,
ExpensesOtherThanThoseRelatedToInsuranceBusiness,33,5,5,2025-03-31,2026-06-30,21,12,False,0,,
ExpensesOfManagement,33,5,5,2025-03-31,2026-06-30,21,12,False,0,,
DefferedTaxes,33,5,5,2025-03-31,2026-06-30,21,12,False,0,,
DefferedTax,33,5,5,2025-03-31,2026-06-30,21,12,False,0,,
CurrentTaxes,33,5,5,2025-03-31,2026-06-30,21,12,False,0,,
ConservationRatio,33,5,5,2025-03-31,2026-06-30,21,12,False,0,,
CommissionSinglePremium,33,5,5,2025-03-31,2026-06-30,21,12,False,0,,
CommissionRenewalPremium,33,5,5,2025-03-31,2026-06-30,21,12,False,0,,
CommissionFirstYearPremium,33,5,5,2025-03-31,2026-06-30,21,12,False,0,,
Commission,33,5,5,2025-03-31,2026-06-30,21,12,False,0,,
ChangeInActuarialLiability,33,5,5,2025-03-31,2026-06-30,21,12,False,0,,
BenefitsPaidNet,33,5,5,2025-03-31,2026-06-30,21,12,False,0,,
AllocationOfBonusToPolicyholders,33,5,5,2025-03-31,2026-06-30,21,12,False,0,,
AdvertisementAndPublicity,33,5,5,2025-03-31,2026-06-30,21,12,False,0,,
AdministrationExpenses,33,5,5,2025-03-31,2026-06-30,21,12,False,0,,
ProceedsFromChangesInOwnershipInterestsInSubsidiariesThatDoNotResultInLossOfControl,26,14,14,2023-03-31,2024-09-30,18,8,False,0,,
PaymentsFromChangesInOwnershipInterestsInSubsidiariesThatDoNotResultInLossOfControl,26,14,14,2023-03-31,2024-09-30,18,8,False,0,,
ReceiptsFromFutureContractsForwardContractsOptionsContractsAndSwapContractsHeldForDealingOrTradingPurpose,6,1,1,2024-03-31,2026-03-31,2,4,False,0,,
PaymentsToFutureContractsForwardContractsOptionsContractsAndSwapContractsHeldForDealingOrTradingPurpose,6,1,1,2024-03-31,2026-03-31,2,4,False,0,,
